<?xml version="1.0" encoding="UTF-8"?>

<!DOCTYPE hibernate-configuration PUBLIC "-//Hibernate/Hibernate Configuration DTD 3.0//EN" "http://hibernate.sourceforge.net/hibernate-configuration-3.0.dtd">

<hibernate-configuration>
	<session-factory>      
       				
				
		<property name="hibernate.connection.driver_class">com.mysql.jdbc.Driver</property>
        <property name="hibernate.connection.url">jdbc:mysql://localhost:3306/mydb</property>
        <property name="hibernate.connection.username">root</property>
        <property name="hibernate.connection.password">root</property>
        <property name="dialect">org.hibernate.dialect.MySQLDialect</property>	
					
		<!-- database tables are automatically created.  -->
		<property name="hbm2ddl.auto">create</property>
		
			<!-- Print all generated SQL statements to the console -->
		<property name="hibernate.show_sql">true</property>
		<property name="hibernate.format_sql">true</property>
		<property name="hibernate.use_sql_comments">true</property>
		
		<!-- Mapping POJO to TABLE in underlying Database. -->
	    	<mapping resource="Student.hbm.xml" />
	    	
		
	</session-factory>
</hibernate-configuration>
